group_name,avg_score,quality_ratio,frequency_per_day,final_score
Nifty_and_banknifty_intraday_5,4.345622119815668,0.31336405529953915,31.0,0.4183870967741935
nifty_banknifty_zero_to_hero1,4.324675324675325,0.24675324675324675,11.0,0.3132760787599497
zero_hero_calls_sensex_index,4.04,0.22,7.142857142857143,0.27624147465437787
kansidd,4.0,0.0,0.14285714285714285,0.12046082949308755
tradingadda11,1.087719298245614,0.0,8.142857142857142,0.0588988600533592
equity_trader_india,0.6438356164383562,0.0,10.428571428571429,0.05295562148854239
