group_name,0
Nifty_and_banknifty_intraday_5,0.4183870967741935
nifty_banknifty_zero_to_hero1,0.3132760787599497
zero_hero_calls_sensex_index,0.27624147465437787
kansidd,0.12046082949308755
tradingadda11,0.0588988600533592
equity_trader_india,0.05295562148854239
